id,name,price,description
1,Ford,7525.95,Polarised composite policy
2,Hyundai,428.93,Optimized secondary frame
3,Plymouth,2151.96,Proactive 24 hour open system
4,Dodge,2853.8,Centralized foreground policy
5,Chevrolet,1842.95,Robust contextually-based open architecture
6,Toyota,7614.68,Persistent dedicated archive
7,Chevrolet,9971.88,Centralized executive ability
8,Kia,5689.45,Assimilated eco-centric internet solution
9,GMC,4332.45,Multi-lateral impactful firmware
10,BMW,5906.47,Secured full-range internet solution
11,Cadillac,7565.78,Visionary clear-thinking implementation
12,Plymouth,4307.29,Total fault-tolerant utilisation
13,Ford,7932.26,Up-sized regional portal
14,Acura,1339.9,Reverse-engineered client-driven challenge
15,Infiniti,3892.82,Extended radical moderator
16,GMC,4723.36,Cross-platform transitional firmware
17,Volkswagen,3832.34,Devolved heuristic initiative
18,Mercedes-Benz,1423.06,Customer-focused heuristic firmware
19,BMW,1536.8,Profound 3rd generation application
20,Kia,4769.07,Polarised value-added algorithm
21,Mercury,8379.84,Down-sized scalable solution
22,Pontiac,5407.33,Re-engineered incremental moderator
23,Cadillac,5876.04,Horizontal web-enabled contingency
24,Hillman,307.36,Synergized human-resource function
25,Mercedes-Benz,2840.06,Streamlined fault-tolerant synergy
26,Acura,3498.04,Intuitive bottom-line projection
27,Jaguar,1134.68,Function-based modular productivity
28,Buick,7429.79,Devolved 24/7 instruction set
29,Chevrolet,841.21,Exclusive full-range challenge
30,Cadillac,6581.39,Quality-focused real-time initiative
31,Lexus,3456.88,Up-sized 6th generation superstructure
32,Honda,5360.98,Right-sized transitional protocol
33,Mazda,7048.18,Synergized scalable strategy
34,Acura,6153.04,Synergistic 4th generation complexity
35,Dodge,5744.16,Devolved motivating utilisation
36,Suzuki,8326.37,Multi-channelled solution-oriented approach
37,Nissan,5868.84,Universal context-sensitive customer loyalty
38,Pontiac,1756.52,Expanded bi-directional benchmark
39,Lincoln,1979.22,Organized well-modulated matrices
40,Toyota,4930.83,Cross-group bandwidth-monitored frame
41,Nissan,6755.17,Assimilated dynamic capacity
42,GMC,6702.21,Customer-focused tertiary data-warehouse
43,Mitsubishi,3938.52,Digitized object-oriented parallelism
44,Subaru,8893.31,Expanded methodical initiative
45,Chevrolet,6168.89,Function-based web-enabled knowledge base
46,Hyundai,2521.41,Configurable incremental flexibility
47,Buick,1807.05,Enhanced high-level throughput
48,Mazda,9848.24,Team-oriented didactic methodology
49,Volvo,9652.43,De-engineered well-modulated extranet
50,Infiniti,5032.66,Stand-alone 3rd generation core
51,Saab,2274.23,Advanced exuding focus group
52,Chrysler,995.5,Up-sized disintermediate help-desk
53,Chevrolet,6161.5,User-friendly dynamic portal
54,Cadillac,4882.74,Function-based web-enabled function
55,Hyundai,4604.54,Multi-channelled systemic Graphic Interface
56,Saturn,2326.04,Profound scalable ability
57,Hyundai,297.95,Managed high-level framework
58,Honda,2480.54,Universal context-sensitive attitude
59,Nissan,9170.04,Total high-level functionalities
60,Chevrolet,8527.41,Profound high-level forecast
61,Ford,6788.19,Quality-focused executive extranet
62,Ford,5103.53,Customizable coherent functionalities
63,Pontiac,2903.8,Reduced upward-trending throughput
64,Lexus,5134.61,Seamless static array
65,Cadillac,6093.62,Multi-layered executive definition
66,Mazda,4019.59,Robust empowering synergy
67,Morgan,2506.62,Organized heuristic local area network
68,Mazda,5157.34,Polarised zero tolerance firmware
69,Dodge,5759.24,Reverse-engineered web-enabled concept
70,Toyota,3626.31,Persistent non-volatile flexibility
71,GMC,1453.43,Networked motivating projection
72,Suzuki,5603.49,Digitized local emulation
73,Mazda,7931.09,Progressive discrete forecast
74,Toyota,6743.72,Function-based grid-enabled open system
75,Mercedes-Benz,978.33,Monitored dynamic interface
76,Toyota,9856.23,Monitored multimedia access
77,Ford,7069.91,Reduced clear-thinking encryption
78,Chevrolet,4526.21,Team-oriented asynchronous intranet
79,Nissan,3152.56,Devolved heuristic application
80,Chevrolet,1145.18,Total bottom-line structure
81,Lexus,9545.94,Fully-configurable system-worthy framework
82,Chrysler,3725.31,Operative transitional software
83,Lincoln,1064.84,Re-contextualized system-worthy archive
84,Ford,9137.43,Fully-configurable bi-directional forecast
85,Cadillac,5475.53,Persistent discrete middleware
86,Dodge,8653.66,Business-focused bi-directional matrix
87,Eagle,9533.5,Secured fault-tolerant moderator
88,BMW,2168.69,Down-sized empowering circuit
89,Chevrolet,9290.73,Horizontal multi-tasking productivity
90,Toyota,1521.16,Multi-tiered 6th generation orchestration
91,Dodge,8760.82,Assimilated explicit help-desk
92,Scion,7472.68,Diverse real-time forecast
93,Chrysler,9625.88,Front-line zero defect infrastructure
94,Lexus,3369.38,Fundamental stable pricing structure
95,Chrysler,818.27,Synergized reciprocal paradigm
96,Mitsubishi,6635.37,Reactive grid-enabled solution
97,Mazda,5710.39,Managed maximized migration
98,Plymouth,4173.73,Optimized attitude-oriented collaboration
99,Hyundai,6687.48,Mandatory zero tolerance array
100,Chevrolet,7151.48,Visionary 4th generation product
101,Chevrolet,6609.64,Sharable mobile matrix
102,Pontiac,2404.19,Pre-emptive 6th generation database
103,Chevrolet,5046.49,Optional foreground extranet
104,GMC,518.92,Versatile didactic Graphic Interface
105,Chevrolet,4824.56,Cross-platform attitude-oriented frame
106,Mitsubishi,970.24,Implemented national algorithm
107,GMC,5499.15,Exclusive needs-based Graphic Interface
108,Chrysler,3051.01,Customizable user-facing access
109,Buick,3972.11,Stand-alone discrete access
110,GMC,581.86,Right-sized homogeneous alliance
111,Dodge,932.35,Versatile high-level productivity
112,Audi,7979.83,Quality-focused asymmetric complexity
113,Mercedes-Benz,875.39,Re-contextualized transitional array
114,Ford,6959.08,Expanded holistic pricing structure
115,Jeep,153.11,Multi-tiered static Graphical User Interface
116,GMC,2149.78,Synergized cohesive analyzer
117,Mitsubishi,6022.15,Monitored local focus group
118,Dodge,2237.03,Object-based mission-critical help-desk
119,Mercedes-Benz,5351.28,Extended non-volatile encoding
120,Ford,7934.0,Business-focused empowering local area network
121,Corbin,9738.19,Realigned context-sensitive customer loyalty
122,Mitsubishi,6682.18,Programmable solution-oriented support
123,Mitsubishi,9693.45,Function-based hybrid conglomeration
124,GMC,2190.97,Open-source responsive benchmark
125,Mitsubishi,9781.93,Enhanced local emulation
126,Mazda,520.49,Focused interactive product
127,Oldsmobile,9654.57,User-friendly homogeneous firmware
128,Volkswagen,3773.86,Persistent didactic service-desk
129,Volkswagen,6558.19,Re-engineered neutral customer loyalty
130,Dodge,1054.44,Expanded tertiary initiative
131,GMC,4358.71,Cloned zero administration encryption
132,Plymouth,6817.26,Pre-emptive 4th generation internet solution
133,Acura,1144.08,Profit-focused 4th generation internet solution
134,Nissan,1028.19,Organized value-added alliance
135,Volvo,3101.15,Inverse exuding implementation
136,Mercedes-Benz,4128.2,Ameliorated 3rd generation model
137,Ford,3140.46,Implemented value-added knowledge base
138,Ford,9238.12,Balanced dedicated project
139,Ford,3106.67,Reactive contextually-based hardware
140,Jeep,8713.18,Reactive fresh-thinking complexity
141,Mazda,8522.74,Re-contextualized empowering policy
142,Audi,6992.94,Fully-configurable local encryption
143,Chevrolet,373.61,Profound didactic utilisation
144,Dodge,1755.35,Open-source analyzing adapter
145,Toyota,7125.5,Reduced high-level complexity
146,Volkswagen,5908.78,Open-source motivating moderator
147,BMW,9541.35,Distributed secondary matrices
148,Chevrolet,3362.41,Multi-channelled client-driven projection
149,Chevrolet,4804.43,Devolved real-time matrix
150,Toyota,386.13,Advanced object-oriented middleware
151,Porsche,9815.55,Pre-emptive asynchronous installation
152,Suzuki,5158.17,Virtual object-oriented methodology
153,Lincoln,2880.34,Reverse-engineered logistical extranet
154,Land Rover,7129.49,Compatible even-keeled productivity
155,Toyota,5106.97,Synergistic foreground function
156,Ford,1141.1,Digitized clear-thinking conglomeration
157,Ford,2081.02,User-centric coherent attitude
158,Ford,3520.85,Centralized user-facing migration
159,Subaru,5572.24,Programmable client-driven archive
160,Ford,6944.33,Configurable client-driven service-desk
161,Toyota,1218.8,Enhanced tangible flexibility
162,Chevrolet,6213.7,Sharable heuristic groupware
163,Bentley,7709.96,Expanded bi-directional ability
164,Ford,3976.91,Synergized next generation neural-net
165,Mitsubishi,5291.15,Balanced encompassing toolset
166,Ford,7592.35,Multi-channelled responsive attitude
167,Ferrari,8668.68,Integrated eco-centric secured line
168,Cadillac,2614.04,Visionary 24/7 hierarchy
169,Volkswagen,2276.28,Re-contextualized web-enabled knowledge user
170,Ford,9358.19,Polarised object-oriented benchmark
171,Hummer,2135.32,Expanded 24 hour database
172,Chevrolet,5069.24,Down-sized system-worthy hardware
173,Ford,4502.56,Organic exuding secured line
174,Chrysler,1104.07,Polarised secondary Graphical User Interface
175,Lexus,3977.63,Diverse content-based local area network
176,Lexus,3285.05,Cross-group bandwidth-monitored throughput
177,Toyota,8406.55,Extended mission-critical task-force
178,Porsche,241.15,Proactive uniform superstructure
179,Aston Martin,9886.29,Balanced zero administration concept
180,Mitsubishi,671.27,Managed clear-thinking database
181,Mazda,6510.02,Organized bi-directional customer loyalty
182,Audi,3395.3,De-engineered 24/7 emulation
183,Volvo,576.03,Implemented tangible infrastructure
184,Suzuki,4517.54,Up-sized interactive open system
185,Cadillac,1968.24,Re-contextualized dedicated solution
186,Chevrolet,6915.19,Diverse uniform core
187,Ford,4318.18,Self-enabling system-worthy encryption
188,Mercury,7844.82,Phased national service-desk
189,Mazda,1149.73,Fundamental multimedia moderator
190,Maserati,7577.09,Vision-oriented analyzing access
191,BMW,1759.76,Automated mission-critical infrastructure
192,Mazda,5469.85,User-friendly clear-thinking paradigm
193,Kia,8279.77,Profit-focused secondary challenge
194,Pontiac,9952.93,Open-architected client-driven task-force
195,Hyundai,7431.57,Enterprise-wide disintermediate flexibility
196,Dodge,876.79,Compatible discrete firmware
197,Honda,7478.71,Open-source systematic approach
198,GMC,5001.61,Synergized 6th generation success
199,Pontiac,5167.05,Persistent zero administration archive
200,Audi,6297.08,Function-based systemic website
201,Mazda,2788.16,Optional eco-centric protocol
202,Aston Martin,803.3,De-engineered 3rd generation installation
203,Dodge,4204.01,Open-architected grid-enabled functionalities
204,Volkswagen,6695.46,Public-key tertiary firmware
205,Volkswagen,329.52,Customer-focused demand-driven contingency
206,Pontiac,9869.33,Pre-emptive real-time complexity
207,Porsche,8880.15,Organic tangible forecast
208,Dodge,6137.43,Cross-platform intermediate algorithm
209,Ford,1496.16,Centralized client-server model
210,Isuzu,1040.8,Compatible next generation portal
211,Buick,7763.66,Function-based object-oriented synergy
212,Lincoln,3102.18,Quality-focused intangible success
213,Ford,9531.38,Secured explicit instruction set
214,Chrysler,5347.22,Polarised homogeneous encoding
215,Chrysler,1773.03,Public-key regional emulation
216,Ferrari,942.83,Right-sized national infrastructure
217,Mercury,3970.95,Devolved actuating encryption
218,Hyundai,782.13,Re-engineered cohesive paradigm
219,Ford,5309.72,Future-proofed local secured line
220,Maybach,3067.05,Multi-tiered bifurcated ability
221,Hyundai,6176.02,Realigned high-level solution
222,Toyota,8238.72,Adaptive bandwidth-monitored local area network
223,Mitsubishi,7226.09,Right-sized 6th generation circuit
224,Chevrolet,2201.07,Robust asymmetric capacity
225,Toyota,2629.24,Phased fresh-thinking moratorium
226,GMC,1902.01,Sharable bifurcated emulation
227,Ford,3444.08,Total intangible project
228,GMC,553.02,Open-source mobile solution
229,Chevrolet,2162.83,Upgradable 24/7 matrix
230,Volvo,9790.72,Mandatory client-server website
231,Toyota,667.02,Networked next generation core
232,Toyota,3815.28,Switchable 5th generation access
233,Oldsmobile,8071.87,Right-sized secondary process improvement
234,Toyota,1040.05,User-friendly actuating attitude
235,Cadillac,5164.29,Virtual bifurcated frame
236,Chrysler,7558.03,Optional homogeneous product
237,Maserati,4721.84,Object-based solution-oriented installation
238,Mazda,4663.52,Ergonomic contextually-based model
239,Honda,7586.06,Diverse regional Graphic Interface
240,Audi,9744.91,De-engineered directional software
241,Buick,8075.48,Realigned background architecture
242,Lexus,7856.88,Open-source 4th generation structure
243,GMC,9943.1,Down-sized contextually-based ability
244,Suzuki,1233.12,Self-enabling object-oriented open architecture
245,Hyundai,3728.23,Centralized 6th generation implementation
246,Volkswagen,5938.72,Exclusive homogeneous contingency
247,Chevrolet,4912.48,Fully-configurable neutral structure
248,GMC,6406.78,Profit-focused impactful structure
249,Eagle,2714.8,Intuitive optimal workforce
250,Toyota,8885.47,Managed web-enabled installation
251,Ford,8669.81,Distributed multi-tasking complexity
252,Mercedes-Benz,172.65,Right-sized methodical emulation
253,Chrysler,3778.39,Extended maximized info-mediaries
254,Ford,3961.09,Configurable cohesive structure
255,Infiniti,7000.58,Cross-group non-volatile info-mediaries
256,Nissan,6219.54,Multi-lateral tangible concept
257,Lincoln,4218.72,Multi-layered multi-state matrix
258,Mazda,6355.07,Grass-roots responsive projection
259,Toyota,2333.81,Phased local knowledge base
260,Acura,9616.67,Persevering intangible orchestration
261,Mercury,3675.27,Open-architected scalable encryption
262,Mazda,512.18,Future-proofed heuristic matrix
263,Volkswagen,3666.68,Horizontal high-level functionalities
264,Acura,3648.16,Diverse didactic attitude
265,Chevrolet,5558.87,Customer-focused web-enabled project
266,Daewoo,6189.46,Team-oriented demand-driven firmware
267,Mitsubishi,5261.7,Exclusive tertiary monitoring
268,Mercedes-Benz,2445.87,Self-enabling bandwidth-monitored forecast
269,Hyundai,4601.06,User-friendly web-enabled framework
270,Saab,1919.5,Ergonomic non-volatile definition
271,Toyota,272.56,Proactive composite moderator
272,Isuzu,3785.18,Face to face mission-critical matrix
273,Chevrolet,9198.91,Visionary coherent Graphic Interface
274,Chevrolet,593.28,Implemented needs-based emulation
275,GMC,775.8,Function-based static time-frame
276,Lincoln,9314.84,Advanced disintermediate contingency
277,Subaru,6105.3,User-friendly tangible data-warehouse
278,Mercury,770.91,Enhanced methodical frame
279,Mitsubishi,2066.47,Reactive foreground capability
280,Mazda,102.28,Compatible homogeneous project
281,Lincoln,2147.42,Team-oriented fresh-thinking success
282,Nissan,6001.05,Phased client-server toolset
283,Pontiac,698.85,Stand-alone full-range collaboration
284,Toyota,3657.91,Intuitive executive archive
285,Mercedes-Benz,9931.25,Sharable coherent function
286,GMC,5578.85,Open-source system-worthy support
287,Dodge,4214.18,Programmable composite hub
288,Chevrolet,7378.43,Organized demand-driven website
289,Mazda,9437.81,Multi-channelled 3rd generation utilisation
290,Lexus,5853.49,Organized intangible open system
291,Buick,8785.69,Synchronised zero administration toolset
292,Cadillac,8336.6,Vision-oriented modular toolset
293,Ford,6778.94,Open-architected motivating secured line
294,Audi,4670.06,Focused zero administration encryption
295,Mitsubishi,2332.56,Advanced mobile protocol
296,Volkswagen,4025.39,Exclusive leading edge policy
297,Jeep,7454.77,Face to face exuding matrices
298,Acura,5913.47,Team-oriented radical challenge
299,Oldsmobile,834.71,Team-oriented fault-tolerant open architecture
300,Hyundai,4784.29,Multi-tiered 4th generation neural-net
301,Volkswagen,3126.91,Synchronised client-driven product
302,Buick,3742.92,Polarised client-driven knowledge base
303,Pontiac,118.2,Focused fresh-thinking throughput
304,Mitsubishi,7914.95,Fundamental homogeneous intranet
305,Hyundai,1990.09,Sharable composite concept
306,Honda,568.7,Optional client-driven database
307,Mercedes-Benz,2332.53,Upgradable 5th generation open architecture
308,Ford,5799.29,Vision-oriented directional toolset
309,Volkswagen,6371.91,Devolved foreground intranet
310,Dodge,5544.54,Total foreground artificial intelligence
311,Toyota,7410.76,Switchable discrete workforce
312,Kia,2108.87,Fundamental asynchronous frame
313,Audi,9981.73,Cross-group encompassing paradigm
314,Isuzu,8743.18,Open-architected mission-critical workforce
315,Ford,8534.09,Integrated intermediate database
316,Mercury,2442.19,Face to face web-enabled hub
317,Mitsubishi,6336.81,Virtual uniform conglomeration
318,Mitsubishi,7752.29,Proactive attitude-oriented knowledge user
319,Maybach,1955.49,Object-based multimedia pricing structure
320,Land Rover,3643.52,Multi-channelled systematic focus group
321,Cadillac,382.09,Centralized neutral help-desk
322,Maserati,5906.82,Horizontal asymmetric alliance
323,BMW,2047.73,Ergonomic methodical hierarchy
324,GMC,3310.19,Fundamental bi-directional data-warehouse
325,Chevrolet,4862.67,Front-line high-level database
326,Dodge,7478.44,Object-based systemic orchestration
327,Volkswagen,5210.61,Reverse-engineered coherent approach
328,Buick,7179.27,Stand-alone human-resource policy
329,Morgan,1716.28,Organized fault-tolerant hub
330,Subaru,3310.7,Total heuristic focus group
331,Ford,1362.16,Realigned system-worthy local area network
332,Mercedes-Benz,4600.31,Vision-oriented clear-thinking secured line
333,Mercedes-Benz,7983.96,Persevering upward-trending concept
334,Suzuki,7484.31,Multi-lateral 5th generation hardware
335,Chevrolet,3679.54,Ameliorated bifurcated capability
336,Chevrolet,462.69,Innovative composite hub
337,Cadillac,4066.61,Decentralized dynamic hardware
338,Infiniti,8388.41,Future-proofed fresh-thinking complexity
339,Toyota,8042.53,Open-source fault-tolerant moratorium
340,Toyota,8675.12,Multi-channelled local application
341,Toyota,2873.92,Managed zero tolerance frame
342,Toyota,180.57,Networked clear-thinking focus group
343,Chevrolet,2971.0,Synchronised object-oriented circuit
344,Pontiac,3036.78,Fundamental tertiary info-mediaries
345,Pontiac,4012.21,Stand-alone intangible archive
346,Pontiac,2741.18,Persevering background application
347,Suzuki,594.36,Seamless 4th generation standardization
348,Pontiac,622.81,Front-line object-oriented architecture
349,Buick,8191.67,Reactive fault-tolerant customer loyalty
350,Aston Martin,6767.84,Upgradable cohesive product
351,Suzuki,1952.76,Monitored client-driven projection
352,Dodge,4970.1,Enhanced eco-centric array
353,Nissan,1128.93,Streamlined optimal matrices
354,Plymouth,264.02,Mandatory intermediate core
355,Infiniti,413.6,Reduced encompassing customer loyalty
356,Dodge,3344.72,Configurable interactive internet solution
357,Dodge,2489.25,Triple-buffered 4th generation infrastructure
358,Lincoln,4826.77,Networked explicit matrix
359,Nissan,7816.21,Monitored regional pricing structure
360,Bentley,8431.59,User-centric eco-centric database
361,Saab,1736.53,Focused foreground system engine
362,Toyota,3548.2,Vision-oriented zero administration adapter
363,Mazda,8143.4,Compatible next generation protocol
364,Ford,9427.03,Open-source modular projection
365,Ford,7001.66,Centralized hybrid monitoring
366,Suzuki,6745.52,Mandatory maximized functionalities
367,Plymouth,7358.28,Advanced 5th generation utilisation
368,Ford,4638.83,Future-proofed content-based throughput
369,BMW,2463.37,Assimilated real-time core
370,Chrysler,8298.68,Decentralized background approach
371,Pontiac,1580.38,Business-focused coherent migration
372,Mitsubishi,4723.0,Secured multi-state conglomeration
373,Mazda,2800.93,Exclusive leading edge approach
374,Bugatti,5614.35,Organized bifurcated internet solution
375,Ford,1670.78,Virtual analyzing structure
376,Ford,7252.89,Cloned maximized focus group
377,Mercedes-Benz,2918.57,Persevering asymmetric open architecture
378,Porsche,9582.56,Horizontal system-worthy structure
379,Toyota,717.17,Assimilated multi-tasking emulation
380,Cadillac,8410.84,Reduced logistical groupware
381,Dodge,4753.5,De-engineered multi-state artificial intelligence
382,Kia,1031.59,Multi-channelled methodical algorithm
383,BMW,1730.46,Re-engineered analyzing framework
384,Ford,9833.03,Front-line coherent hub
385,BMW,9471.57,Robust responsive portal
386,Ford,4006.33,Automated 4th generation infrastructure
387,Mercury,3424.94,Versatile asymmetric standardization
388,Lincoln,7636.4,Inverse incremental complexity
389,Pontiac,3549.35,Re-contextualized tangible array
390,Toyota,1827.89,Distributed maximized adapter
391,Cadillac,9411.44,Multi-channelled real-time circuit
392,Nissan,9750.91,Extended interactive framework
393,BMW,1096.24,Cross-group optimizing workforce
394,Audi,5308.08,Digitized dynamic hardware
395,Ford,6606.45,Object-based client-server circuit
396,BMW,3891.32,Programmable methodical intranet
397,Audi,6481.57,Managed maximized conglomeration
398,BMW,9002.22,Ameliorated impactful local area network
399,GMC,5965.35,Persevering impactful artificial intelligence
400,Mitsubishi,9940.3,Programmable even-keeled budgetary management
401,Dodge,3897.76,Streamlined coherent approach
402,Buick,5521.11,Distributed needs-based ability
403,Suzuki,6310.39,Visionary regional model
404,Honda,5693.11,Upgradable zero administration attitude
405,Mitsubishi,2506.55,Inverse contextually-based alliance
406,Lexus,5934.56,Optional hybrid monitoring
407,Chevrolet,5741.77,Polarised fault-tolerant initiative
408,Chevrolet,8313.64,Customer-focused dynamic architecture
409,Volvo,2344.54,Synergized system-worthy access
410,Bentley,132.15,Versatile zero tolerance focus group
411,Pontiac,7815.83,Grass-roots solution-oriented framework
412,Ford,411.59,Versatile leading edge instruction set
413,GMC,4693.99,Ergonomic incremental ability
414,Ford,3809.05,Front-line clear-thinking task-force
415,Mazda,9027.25,Advanced executive archive
416,Chrysler,3804.0,Organized encompassing knowledge user
417,Maybach,543.98,Function-based systemic complexity
418,Lexus,2063.33,Sharable executive extranet
419,Ford,749.76,Synchronised coherent toolset
420,Ford,7160.77,Adaptive holistic hardware
421,Isuzu,4912.63,Persistent non-volatile collaboration
422,Maybach,7340.39,Multi-channelled cohesive policy
423,GMC,8142.48,Self-enabling needs-based software
424,Dodge,2624.85,Monitored 6th generation ability
425,Saab,3034.09,Ameliorated asymmetric analyzer
426,Volkswagen,9430.74,Inverse scalable secured line
427,Suzuki,1748.66,Automated object-oriented intranet
428,Suzuki,4337.54,Optimized uniform budgetary management
429,Toyota,4512.23,Fully-configurable modular service-desk
430,Nissan,460.79,Face to face 24 hour initiative
431,Volkswagen,8468.44,Configurable 3rd generation software
432,Jaguar,8217.6,Enterprise-wide bi-directional structure
433,Volkswagen,6459.61,Right-sized composite product
434,Honda,8843.72,Profit-focused composite matrices
435,Lexus,5562.08,Realigned interactive encryption
436,Nissan,936.64,Triple-buffered background service-desk
437,Audi,2698.19,Advanced human-resource infrastructure
438,Infiniti,8563.7,Fundamental global service-desk
439,Ferrari,6352.89,Down-sized fault-tolerant customer loyalty
440,Eagle,5656.11,Grass-roots human-resource standardization
441,Saturn,2400.32,Persevering encompassing archive
442,MINI,2310.02,Progressive 24/7 installation
443,Lexus,8259.66,Robust upward-trending standardization
444,Pontiac,7525.65,Face to face interactive circuit
445,Oldsmobile,569.19,Down-sized multi-tasking forecast
446,Mercury,1982.19,Operative encompassing parallelism
447,Cadillac,1308.27,Future-proofed needs-based data-warehouse
448,Dodge,7428.6,Virtual real-time help-desk
449,MINI,596.41,Persevering grid-enabled utilisation
450,Ford,6867.38,Streamlined 6th generation extranet
451,Dodge,3122.24,Virtual executive alliance
452,Dodge,8118.76,Public-key national frame
453,Buick,5946.08,Ameliorated 24/7 protocol
454,Volkswagen,5127.56,Down-sized holistic contingency
455,Mercedes-Benz,2036.41,Open-architected modular paradigm
456,Saturn,6839.4,Vision-oriented high-level circuit
457,Oldsmobile,3265.6,Mandatory stable info-mediaries
458,Lamborghini,4311.49,Profound logistical hierarchy
459,Honda,3539.43,Synergistic discrete workforce
460,Pontiac,4006.76,Profound zero tolerance neural-net
461,Chevrolet,5682.48,Stand-alone national portal
462,Mercedes-Benz,9452.7,Right-sized explicit secured line
463,Suzuki,6393.46,Integrated well-modulated intranet
464,Chevrolet,8693.0,Synchronised asymmetric functionalities
465,Toyota,6489.81,Assimilated 24 hour open architecture
466,Cadillac,6023.38,Profound attitude-oriented throughput
467,Toyota,3902.91,Compatible multi-state budgetary management
468,Volkswagen,5551.77,Exclusive interactive adapter
469,Plymouth,2510.41,Open-source leading edge throughput
470,Mitsubishi,4512.63,Cloned object-oriented capability
471,Volvo,7073.29,Upgradable local migration
472,Ford,7466.03,Monitored methodical firmware
473,Honda,2715.58,Customer-focused human-resource encoding
474,Chevrolet,5473.33,Profit-focused systematic data-warehouse
475,Suzuki,6396.23,Multi-layered zero tolerance solution
476,Aston Martin,6306.56,Focused zero administration array
477,Subaru,3531.88,Devolved tertiary customer loyalty
478,GMC,5265.15,Focused zero tolerance open system
479,GMC,2368.13,Synergistic discrete success
480,Suzuki,7054.52,Cross-group scalable model
481,Audi,4702.63,Synergized 4th generation neural-net
482,Buick,6604.73,Synergistic real-time collaboration
483,Pontiac,7470.3,Enterprise-wide real-time challenge
484,Mercury,7674.75,Visionary holistic contingency
485,Chevrolet,817.69,Object-based 4th generation utilisation
486,Dodge,292.61,Open-architected human-resource circuit
487,Pontiac,8708.61,Persistent solution-oriented support
488,Ford,4978.32,Innovative high-level implementation
489,Toyota,2740.26,Team-oriented eco-centric intranet
490,Dodge,3078.25,Horizontal impactful access
491,Maserati,3167.68,Fundamental incremental hub
492,Lexus,5396.03,Self-enabling heuristic synergy
493,Toyota,2483.88,Enhanced mobile installation
494,Ford,828.28,Focused 24 hour orchestration
495,Mercedes-Benz,683.47,User-centric zero administration orchestration
496,Chrysler,5502.8,Robust user-facing task-force
497,Pontiac,9808.54,Multi-layered didactic leverage
498,Saab,7149.5,Function-based executive paradigm
499,Volkswagen,9057.25,Switchable responsive middleware
500,Volvo,4000.47,Virtual optimal leverage
501,Kia,7423.74,Implemented context-sensitive success
502,Mazda,585.41,Customizable system-worthy open system
503,Audi,8033.97,Profit-focused directional methodology
504,Buick,8467.01,Integrated bottom-line capacity
505,Volvo,1452.27,Public-key cohesive internet solution
506,Eagle,9925.7,Reactive exuding moratorium
507,Bentley,9620.64,Adaptive 3rd generation projection
508,Chevrolet,662.88,Devolved mobile intranet
509,Porsche,1837.97,Innovative foreground product
510,Pontiac,2224.51,Quality-focused coherent workforce
511,Pontiac,566.85,Object-based scalable forecast
512,Subaru,7446.45,Compatible neutral core
513,Buick,9875.94,Multi-lateral actuating task-force
514,Infiniti,3792.93,Future-proofed bi-directional contingency
515,Chrysler,2141.1,Intuitive attitude-oriented adapter
516,Cadillac,1322.25,Team-oriented needs-based portal
517,BMW,1677.19,Monitored empowering migration
518,Dodge,4184.8,Re-engineered needs-based approach
519,BMW,1805.77,Multi-layered optimal paradigm
520,Volkswagen,6842.85,Balanced cohesive application
521,Ford,7615.23,Compatible disintermediate productivity
522,Mazda,263.73,Multi-channelled transitional internet solution
523,Dodge,8226.04,Innovative context-sensitive productivity
524,Ford,6865.42,Upgradable real-time database
525,Mercedes-Benz,5729.98,Realigned grid-enabled collaboration
526,Buick,4978.66,Function-based dynamic data-warehouse
527,Saab,9125.83,Re-engineered secondary superstructure
528,Volkswagen,2126.55,Diverse holistic customer loyalty
529,Infiniti,9927.21,Open-architected multimedia paradigm
530,Mitsubishi,9061.38,Secured multimedia infrastructure
531,Audi,3776.58,Enterprise-wide 4th generation service-desk
532,Suzuki,6752.66,Advanced radical throughput
533,Porsche,546.04,Inverse real-time access
534,Oldsmobile,1401.61,Total optimizing archive
535,Chrysler,6389.28,Universal object-oriented internet solution
536,Dodge,1698.8,Distributed heuristic secured line
537,GMC,8327.86,Front-line national benchmark
538,Porsche,8789.56,Synergized composite infrastructure
539,Mazda,2255.23,Stand-alone discrete hardware
540,Ford,1117.63,Re-engineered uniform moderator
541,Dodge,4190.59,Synergistic neutral framework
542,Porsche,783.96,Cross-group discrete encoding
543,Ferrari,9485.41,Business-focused optimizing concept
544,Ford,4408.51,Focused context-sensitive utilisation
545,GMC,7785.1,Quality-focused zero administration conglomeration
546,Nissan,7902.25,Mandatory composite strategy
547,Pontiac,9347.71,Cross-group non-volatile core
548,Mercury,2641.4,Cross-group transitional standardization
549,Toyota,2649.15,Synchronised methodical parallelism
550,Volvo,9701.24,Total actuating productivity
551,Lexus,4730.3,Fully-configurable bi-directional monitoring
552,Buick,5060.63,Business-focused secondary complexity
553,Volkswagen,286.32,Adaptive empowering flexibility
554,Volvo,8175.2,Implemented attitude-oriented hub
555,GMC,7572.94,Extended holistic encryption
556,Ford,1973.74,Fully-configurable full-range open architecture
557,Chevrolet,1517.23,Extended discrete installation
558,Chevrolet,4084.15,Adaptive dedicated frame
559,Mercedes-Benz,4900.49,Persevering full-range contingency
560,Toyota,4454.59,Pre-emptive human-resource service-desk
561,Suzuki,731.13,Cross-platform national framework
562,Mercedes-Benz,4993.12,Polarised multi-state matrix
563,Chevrolet,7999.55,Ameliorated multimedia installation
564,Toyota,472.75,Profit-focused context-sensitive parallelism
565,Saab,7641.55,Versatile multimedia local area network
566,Saturn,1874.46,De-engineered eco-centric service-desk
567,Mazda,2939.07,Balanced foreground solution
568,Volkswagen,9238.61,Universal neutral definition
569,Smart,412.03,Synergistic executive projection
570,Volkswagen,3608.74,Multi-channelled regional initiative
571,Dodge,5059.38,Devolved homogeneous system engine
572,Ford,8049.79,Balanced hybrid service-desk
573,Land Rover,104.33,Business-focused 24 hour intranet
574,Dodge,568.6,Intuitive 24/7 toolset
575,Ford,7758.23,Compatible motivating budgetary management
576,BMW,8297.32,Managed hybrid groupware
577,BMW,6834.91,Stand-alone content-based archive
578,Kia,3152.46,Automated national paradigm
579,Honda,3095.39,Optimized upward-trending help-desk
580,Aston Martin,3455.34,Mandatory cohesive architecture
581,Hyundai,2054.31,Vision-oriented contextually-based hardware
582,Ford,1210.6,Face to face global capability
583,Subaru,3429.32,Multi-channelled secondary utilisation
584,MINI,7546.19,Multi-lateral didactic task-force
585,Ford,3760.71,Customizable tertiary pricing structure
586,Dodge,163.21,Robust value-added moratorium
587,Volkswagen,5035.88,Distributed demand-driven conglomeration
588,Cadillac,7422.12,Programmable cohesive hierarchy
589,Lexus,6612.82,Visionary scalable capacity
590,Chevrolet,9287.03,Grass-roots system-worthy moratorium
591,Lexus,716.48,Managed demand-driven projection
592,Ford,4309.02,Open-source logistical toolset
593,Volvo,111.18,Configurable contextually-based firmware
594,BMW,9449.29,Cross-group incremental encoding
595,Chevrolet,8491.07,Automated contextually-based software
596,Toyota,1911.55,Enterprise-wide dedicated initiative
597,Ford,4218.17,Diverse context-sensitive hardware
598,Honda,4567.42,Realigned national methodology
599,Chevrolet,1830.92,Down-sized upward-trending customer loyalty
600,Chevrolet,3342.48,Reduced solution-oriented project
601,Buick,2360.05,Synchronised needs-based parallelism
602,GMC,6726.16,Enterprise-wide systematic standardization
603,Nissan,9074.95,Streamlined upward-trending parallelism
604,Mitsubishi,1706.84,Object-based content-based analyzer
605,BMW,2749.66,Horizontal non-volatile budgetary management
606,Subaru,7931.11,Reactive bottom-line emulation
607,Chevrolet,1378.81,Secured uniform neural-net
608,Cadillac,6670.76,Team-oriented attitude-oriented neural-net
609,Chevrolet,7687.12,Pre-emptive tertiary matrix
610,BMW,3220.11,Enhanced bandwidth-monitored matrices
611,Mercury,6505.55,Organic full-range standardization
612,Buick,5806.49,Re-contextualized logistical framework
613,Chevrolet,1200.39,Persistent composite knowledge user
614,Chevrolet,8751.14,Centralized local interface
615,Lexus,7294.85,Secured foreground function
616,Chevrolet,3755.39,Cloned next generation core
617,Volvo,8496.6,Networked high-level groupware
618,Pontiac,4549.35,Exclusive transitional monitoring
619,Honda,2217.0,Managed mobile pricing structure
620,Ford,9046.63,Compatible human-resource functionalities
621,Jaguar,8479.08,Re-engineered background solution
622,Audi,9334.78,Streamlined asymmetric paradigm
623,GMC,4495.95,Re-engineered local attitude
624,Chevrolet,4424.64,Fully-configurable didactic moratorium
625,Mercedes-Benz,7969.65,Switchable transitional productivity
626,Porsche,251.25,Realigned scalable hardware
627,Lexus,9486.92,Customer-focused stable architecture
628,Acura,5594.51,Programmable dedicated info-mediaries
629,BMW,4278.69,Streamlined hybrid success
630,Pontiac,1215.95,Versatile reciprocal flexibility
631,Mercury,2667.84,Customizable actuating ability
632,Chevrolet,1784.74,Re-engineered eco-centric customer loyalty
633,Dodge,8454.27,Profit-focused zero administration neural-net
634,Chevrolet,4142.15,Implemented 4th generation toolset
635,Chevrolet,8204.89,Synergistic non-volatile monitoring
636,Chevrolet,8994.88,Extended explicit infrastructure
637,Buick,9800.82,Vision-oriented radical definition
638,Acura,6767.57,Synergized fresh-thinking moderator
639,Audi,2854.61,Customizable methodical protocol
640,Infiniti,2042.22,Secured holistic model
641,Mazda,6389.31,Synergized mission-critical toolset
642,Chevrolet,7785.97,Pre-emptive 6th generation internet solution
643,Acura,7211.43,Object-based leading edge orchestration
644,Oldsmobile,8615.01,Organized multi-state policy
645,Mercury,648.44,Intuitive upward-trending adapter
646,Cadillac,5010.17,Integrated fault-tolerant collaboration
647,Cadillac,1623.54,Object-based 24/7 info-mediaries
648,Lexus,7577.28,Multi-lateral holistic forecast
649,Mercedes-Benz,1402.38,Reverse-engineered bottom-line middleware
650,Jeep,3487.43,Virtual zero tolerance capability
651,Toyota,1177.42,Down-sized incremental flexibility
652,GMC,598.8,Automated executive infrastructure
653,Chevrolet,4637.82,Configurable zero defect initiative
654,Ford,2340.63,De-engineered 3rd generation emulation
655,Chevrolet,7681.57,Triple-buffered systemic flexibility
656,Volvo,7457.23,Cloned optimal project
657,Nissan,2710.08,Streamlined context-sensitive concept
658,Infiniti,6060.01,Balanced client-server framework
659,Volkswagen,9178.98,Assimilated system-worthy open architecture
660,BMW,6814.44,Cross-platform global projection
661,Volvo,9864.26,Polarised global framework
662,Mitsubishi,9586.88,Sharable fresh-thinking utilisation
663,Mitsubishi,6327.19,Robust modular system engine
664,Chevrolet,8809.43,Reactive encompassing help-desk
665,Chevrolet,6567.59,Compatible 4th generation time-frame
666,Lincoln,8559.48,Proactive demand-driven synergy
667,Chevrolet,548.8,Intuitive attitude-oriented emulation
668,Pontiac,8999.66,Re-contextualized user-facing application
669,Acura,2051.39,Networked asymmetric process improvement
670,Chevrolet,2230.4,Decentralized discrete productivity
671,Pontiac,947.04,Inverse real-time implementation
672,Chrysler,4106.59,Proactive 5th generation encoding
673,Lexus,7754.61,Compatible non-volatile paradigm
674,Land Rover,3743.46,Virtual contextually-based implementation
675,Saab,7885.32,Re-contextualized logistical collaboration
676,GMC,2733.38,Robust next generation superstructure
677,Toyota,4429.59,Versatile impactful synergy
678,Acura,3847.19,Distributed static extranet
679,Mercury,3961.59,Persevering asymmetric structure
680,Hyundai,5786.22,Up-sized scalable benchmark
681,Mazda,8419.29,Persistent leading edge middleware
682,Kia,4794.21,Universal user-facing process improvement
683,Pontiac,896.2,Integrated intermediate hardware
684,Jaguar,8211.27,User-friendly cohesive leverage
685,Volkswagen,9535.27,Organic responsive forecast
686,Ford,2063.91,Decentralized didactic structure
687,Cadillac,3251.79,Optimized interactive capability
688,Toyota,338.52,Ergonomic zero tolerance capability
689,BMW,3934.29,Re-contextualized system-worthy model
690,Subaru,6705.41,Networked scalable product
691,Acura,1184.45,Team-oriented homogeneous flexibility
692,Chevrolet,3832.32,Optional cohesive approach
693,Mazda,3735.86,User-friendly holistic workforce
694,Dodge,1690.55,Polarised dynamic Graphic Interface
695,Ford,9536.7,Total regional protocol
696,Mercedes-Benz,1987.61,Phased uniform interface
697,Mercedes-Benz,7936.58,Future-proofed value-added superstructure
698,Lexus,7528.76,Monitored multi-tasking policy
699,Ford,8194.59,Up-sized composite benchmark
700,Dodge,3100.52,Grass-roots human-resource synergy
701,Buick,4243.54,Self-enabling optimal synergy
702,Jaguar,7808.08,Multi-tiered cohesive core
703,Mitsubishi,5085.27,Public-key 3rd generation leverage
704,Mazda,9293.41,Multi-layered explicit service-desk
705,Isuzu,9170.37,Extended well-modulated support
706,Ford,4640.95,Face to face local strategy
707,Lexus,586.57,Progressive heuristic customer loyalty
708,Infiniti,8279.91,Centralized background contingency
709,Mazda,7881.42,Profit-focused 6th generation firmware
710,Toyota,2443.38,De-engineered directional methodology
711,Chrysler,9016.96,Polarised 24 hour contingency
712,BMW,3500.24,Front-line mobile challenge
713,Suzuki,3069.23,Front-line static architecture
714,Lexus,2201.26,Digitized homogeneous structure
715,Ford,1372.25,Organic human-resource flexibility
716,Nissan,3065.99,Open-source heuristic secured line
717,Pontiac,6690.79,Organized multimedia strategy
718,Geo,5597.02,Balanced mission-critical installation
719,Kia,7749.89,Phased hybrid info-mediaries
720,Mazda,958.56,Innovative foreground architecture
721,Dodge,8901.97,Configurable explicit flexibility
722,Lexus,3047.75,Multi-tiered reciprocal framework
723,Geo,6628.37,Proactive user-facing matrices
724,Volkswagen,3777.84,Profound attitude-oriented database
725,Volkswagen,9382.27,Face to face 3rd generation service-desk
726,Acura,372.72,User-friendly directional data-warehouse
727,Nissan,4934.28,Self-enabling context-sensitive collaboration
728,Mazda,2087.75,Persistent zero tolerance parallelism
729,Mitsubishi,8902.25,Fully-configurable dynamic definition
730,Toyota,870.93,Pre-emptive uniform focus group
731,Honda,9642.55,Enterprise-wide uniform forecast
732,Suzuki,8099.16,Self-enabling dedicated groupware
733,Honda,2001.86,Intuitive radical pricing structure
734,Dodge,4295.22,Organized exuding protocol
735,Lamborghini,7548.91,Versatile bandwidth-monitored project
736,Infiniti,2869.29,Proactive non-volatile extranet
737,GMC,9950.72,Quality-focused explicit instruction set
738,Audi,261.84,Synchronised zero defect workforce
739,Mitsubishi,5595.2,Cross-platform 3rd generation model
740,Volkswagen,4570.68,Visionary stable budgetary management
741,Maserati,5533.04,Networked high-level success
742,Buick,9367.18,Universal web-enabled paradigm
743,GMC,2727.75,Programmable real-time core
744,Chevrolet,538.84,Seamless mobile artificial intelligence
745,Jaguar,3489.51,Reduced high-level approach
746,Chrysler,8979.96,Enhanced bandwidth-monitored intranet
747,Jeep,1531.54,Horizontal responsive firmware
748,Daewoo,8890.83,Balanced object-oriented function
749,Mercedes-Benz,2115.51,Sharable regional intranet
750,Pontiac,1396.38,Inverse client-driven complexity
751,Jeep,9677.24,Exclusive tertiary emulation
752,Jaguar,9903.5,Synergistic grid-enabled moratorium
753,Kia,4221.59,Managed directional info-mediaries
754,Chevrolet,5644.53,Cloned value-added utilisation
755,Dodge,5865.93,Face to face interactive database
756,Aston Martin,5610.13,Expanded attitude-oriented alliance
757,Honda,2670.83,De-engineered holistic customer loyalty
758,Nissan,5769.65,Profound discrete database
759,Chevrolet,5997.75,Open-source local structure
760,Hyundai,2427.78,Exclusive explicit conglomeration
761,Chevrolet,9412.94,Persevering dynamic open system
762,Volkswagen,4530.2,Distributed systematic moderator
763,Chrysler,7571.69,Upgradable analyzing Graphic Interface
764,Mazda,4399.26,Virtual full-range throughput
765,Toyota,4621.35,Sharable multi-state data-warehouse
766,BMW,9192.99,Open-architected actuating infrastructure
767,Bentley,9739.27,Quality-focused context-sensitive matrix
768,BMW,1112.63,Centralized analyzing moderator
769,Mercedes-Benz,5901.45,Reduced dynamic success
770,Buick,961.5,Cross-group secondary service-desk
771,Ford,7739.17,Re-contextualized zero administration adapter
772,Honda,2395.65,Implemented well-modulated benchmark
773,GMC,4657.07,Optional composite hardware
774,Audi,3620.9,Cross-group global monitoring
775,Subaru,724.74,Total systematic emulation
776,Audi,1670.64,Cloned upward-trending product
777,Mercedes-Benz,5345.43,Quality-focused radical array
778,Nissan,4226.63,Vision-oriented bi-directional structure
779,Porsche,3399.94,Fully-configurable secondary time-frame
780,Dodge,1141.67,Mandatory tangible architecture
781,Buick,4709.69,Multi-lateral content-based orchestration
782,Pontiac,6592.44,Programmable asymmetric adapter
783,Pontiac,9360.55,Function-based static framework
784,Scion,6346.65,Down-sized solution-oriented support
785,Cadillac,785.6,Self-enabling systematic synergy
786,Chrysler,8926.36,Adaptive explicit support
787,Buick,1484.76,Progressive zero tolerance artificial intelligence
788,BMW,3262.62,Ameliorated mission-critical service-desk
789,Isuzu,2969.81,Robust 4th generation implementation
790,Land Rover,7916.76,Automated responsive intranet
791,Volkswagen,7867.91,Devolved optimizing function
792,Porsche,6721.92,Reverse-engineered high-level capability
793,Infiniti,7256.79,Focused static internet solution
794,Ford,3103.6,Universal local conglomeration
795,Cadillac,3647.16,Object-based systemic structure
796,Toyota,8014.66,Cross-group methodical infrastructure
797,Ford,5318.62,Distributed context-sensitive database
798,MINI,183.71,Managed zero tolerance software
799,GMC,2640.95,Mandatory leading edge orchestration
800,BMW,7951.37,Open-source systemic customer loyalty
801,Infiniti,1645.38,Advanced asynchronous conglomeration
802,Jaguar,6893.82,User-friendly optimal local area network
803,Lincoln,7008.6,Quality-focused upward-trending instruction set
804,GMC,1523.06,Team-oriented background matrix
805,Acura,908.38,Reduced optimizing product
806,Chevrolet,7223.71,Innovative clear-thinking extranet
807,Ford,7621.15,Digitized multi-tasking matrix
808,Honda,6512.12,Optimized multimedia collaboration
809,Mercedes-Benz,3635.69,Integrated contextually-based Graphical User Interface
810,GMC,9144.04,Configurable interactive architecture
811,Honda,7541.01,Enterprise-wide clear-thinking Graphical User Interface
812,Mazda,1235.7,Streamlined encompassing portal
813,Mazda,7874.26,Quality-focused 24 hour collaboration
814,Buick,3363.66,Programmable dedicated hardware
815,Audi,6553.35,Open-architected transitional policy
816,Cadillac,4920.9,Face to face disintermediate throughput
817,Ford,5112.22,Assimilated local database
818,Nissan,4204.71,Implemented client-server access
819,Buick,6196.29,Secured heuristic middleware
820,Lexus,4410.67,Total leading edge productivity
821,Mazda,1886.57,Profit-focused non-volatile attitude
822,Acura,5832.21,Managed secondary emulation
823,Mitsubishi,4449.52,Reactive bottom-line policy
824,Ford,6176.03,Sharable needs-based attitude
825,Lincoln,2291.61,Ergonomic mission-critical intranet
826,Volvo,7317.55,Optimized fault-tolerant secured line
827,Jaguar,5199.12,Business-focused impactful matrices
828,Mitsubishi,6205.3,Stand-alone motivating implementation
829,Hyundai,5450.01,Integrated 24 hour moderator
830,Chevrolet,1378.79,Cross-platform systematic data-warehouse
831,Dodge,8907.14,Progressive even-keeled standardization
832,BMW,3551.27,Stand-alone methodical interface
833,Kia,6954.02,Object-based stable analyzer
834,Isuzu,5134.53,Distributed bandwidth-monitored moratorium
835,Acura,6850.71,Diverse even-keeled budgetary management
836,Nissan,5563.03,Reactive coherent challenge
837,BMW,5827.8,Persistent 24/7 local area network
838,Bentley,5934.28,Mandatory foreground capability
839,Pontiac,7355.25,Optional tangible help-desk
840,Chevrolet,5653.84,Polarised solution-oriented firmware
841,Audi,833.79,Persevering grid-enabled workforce
842,Kia,5389.84,Synchronised directional concept
843,Toyota,5136.93,Multi-tiered analyzing website
844,Ford,3419.27,Organic 3rd generation productivity
845,Jeep,4734.83,Implemented bi-directional function
846,Infiniti,4070.1,Cross-group upward-trending intranet
847,Mercedes-Benz,9879.18,Reduced multi-tasking monitoring
848,Plymouth,1255.21,Monitored high-level structure
849,Mazda,9724.67,Persevering global matrix
850,Audi,5770.84,Quality-focused actuating hardware
851,Chevrolet,8686.18,Open-architected actuating matrix
852,Hummer,462.06,Ameliorated 3rd generation support
853,Chevrolet,2444.48,Versatile neutral emulation
854,Spyker,3087.25,Mandatory impactful emulation
855,Mercury,8622.04,Re-contextualized incremental array
856,Toyota,9860.89,Optimized 6th generation leverage
857,Ford,7846.61,Open-architected systematic firmware
858,Dodge,3120.86,Cloned exuding workforce
859,Lincoln,4867.18,Persevering clear-thinking encoding
860,Saab,2597.56,Multi-channelled client-server firmware
861,BMW,9386.14,User-centric global process improvement
862,Ford,1593.26,Object-based incremental adapter
863,GMC,6305.78,Switchable system-worthy throughput
864,Plymouth,8700.5,Re-contextualized bandwidth-monitored circuit
865,Isuzu,3153.23,Down-sized dynamic support
866,Mitsubishi,2180.88,Re-contextualized mobile protocol
867,Kia,4478.72,Polarised upward-trending initiative
868,Chrysler,4814.07,Virtual value-added local area network
869,Mazda,9353.07,Advanced modular matrix
870,Chevrolet,5133.57,Ergonomic fresh-thinking protocol
871,Cadillac,9805.88,Devolved client-server solution
872,Saab,176.78,User-friendly intermediate software
873,Ford,1380.29,Up-sized heuristic leverage
874,Dodge,7719.85,Multi-layered eco-centric local area network
875,Mitsubishi,3579.14,Upgradable 5th generation array
876,Jeep,3631.0,Synergized eco-centric intranet
877,BMW,2775.05,Enterprise-wide zero tolerance process improvement
878,Infiniti,3780.77,Operative homogeneous hardware
879,GMC,3694.79,Diverse 3rd generation artificial intelligence
880,Ford,7322.86,Object-based asynchronous portal
881,Acura,7763.66,Versatile web-enabled model
882,Ford,3397.63,Team-oriented didactic product
883,Dodge,1249.79,Managed user-facing array
884,Aston Martin,4417.99,Implemented coherent implementation
885,Lincoln,2236.62,Up-sized global concept
886,Pontiac,5677.61,Team-oriented bifurcated matrix
887,Saab,9060.55,Integrated context-sensitive superstructure
888,Acura,560.43,Reduced mission-critical encryption
889,Volkswagen,7754.27,Future-proofed optimizing migration
890,Toyota,7947.07,Team-oriented demand-driven intranet
891,Lamborghini,1043.44,Face to face discrete orchestration
892,Volkswagen,876.63,Switchable tertiary Graphical User Interface
893,Pontiac,1087.8,Mandatory even-keeled product
894,Mercedes-Benz,9785.99,Future-proofed background firmware
895,Dodge,5117.38,Focused maximized policy
896,Mercury,4538.38,Grass-roots hybrid projection
897,Kia,8749.54,Diverse incremental info-mediaries
898,Saab,5263.26,Persistent radical hub
899,Mitsubishi,3169.56,Synergistic 24/7 standardization
900,Isuzu,768.36,Future-proofed optimizing adapter
901,Chevrolet,4511.64,De-engineered national success
902,Hyundai,6307.77,Pre-emptive system-worthy core
903,Aston Martin,1183.12,Synergistic local infrastructure
904,Ford,3597.86,Up-sized maximized moderator
905,Lincoln,7104.73,Balanced cohesive function
906,Mazda,8588.87,Open-architected explicit Graphical User Interface
907,Jaguar,599.23,Right-sized zero tolerance groupware
908,Infiniti,7230.12,Multi-tiered full-range installation
909,Mercury,8732.46,Focused asymmetric emulation
910,Hyundai,9724.69,Profound static emulation
911,Toyota,9025.06,Horizontal radical algorithm
912,Mercedes-Benz,6004.57,Ameliorated well-modulated flexibility
913,Honda,183.08,Object-based composite definition
914,Cadillac,9113.89,Total bi-directional benchmark
915,Plymouth,7169.56,Proactive dedicated monitoring
916,Hyundai,679.31,Mandatory asymmetric ability
917,Mazda,2115.97,Fully-configurable systematic matrix
918,Honda,8953.0,Progressive static solution
919,Volvo,872.07,Cross-group object-oriented capacity
920,Toyota,1696.88,Innovative maximized frame
921,Chevrolet,7414.8,Customer-focused directional functionalities
922,Saab,763.7,Focused local ability
923,Suzuki,9083.54,Seamless client-server application
924,Oldsmobile,6368.81,Horizontal explicit groupware
925,Audi,5530.12,Optimized tangible framework
926,Kia,7469.99,Streamlined attitude-oriented encryption
927,Subaru,282.03,Networked heuristic superstructure
928,Dodge,6790.21,Managed mobile synergy
929,Infiniti,1552.41,Integrated composite task-force
930,GMC,4334.52,Networked eco-centric capability
931,Ford,5633.25,Networked radical collaboration
932,BMW,9573.47,Diverse full-range utilisation
933,Hyundai,5841.93,Streamlined multi-tasking complexity
934,Suzuki,3713.43,Networked next generation extranet
935,Toyota,8861.8,Customizable modular productivity
936,Chevrolet,541.3,Intuitive fault-tolerant collaboration
937,Land Rover,3549.56,Reverse-engineered global knowledge base
938,GMC,4075.13,Monitored disintermediate benchmark
939,Toyota,2208.32,Implemented global pricing structure
940,Toyota,7238.72,Focused tangible functionalities
941,Mazda,1429.32,Function-based client-driven knowledge base
942,Jeep,6825.32,Team-oriented radical knowledge user
943,Chrysler,3845.53,Re-contextualized regional installation
944,Plymouth,6137.81,Visionary secondary time-frame
945,Chevrolet,4932.62,Versatile object-oriented methodology
946,Mercury,2705.11,Organized well-modulated attitude
947,Dodge,9146.89,Versatile content-based process improvement
948,Oldsmobile,6377.92,Synchronised value-added capability
949,Land Rover,1762.15,Managed directional knowledge user
950,Toyota,8686.72,Quality-focused directional architecture
951,Volkswagen,580.83,Reverse-engineered human-resource methodology
952,Mercedes-Benz,8302.53,Expanded human-resource data-warehouse
953,Dodge,2414.66,Switchable neutral protocol
954,Chevrolet,1033.92,Upgradable bi-directional emulation
955,Acura,6515.99,Pre-emptive discrete strategy
956,Mazda,668.22,Fully-configurable dynamic budgetary management
957,Ford,6761.73,Inverse empowering product
958,Dodge,7439.59,Devolved 4th generation array
959,Audi,685.51,Organic grid-enabled productivity
960,Ram,2205.7,Robust even-keeled function
961,Chevrolet,6613.97,Programmable foreground framework
962,Chevrolet,9051.91,Organized encompassing knowledge user
963,BMW,2177.24,Fundamental heuristic model
964,Subaru,661.84,Phased background collaboration
965,Buick,2049.97,Sharable encompassing solution
966,Lamborghini,5195.84,Expanded exuding access
967,Chrysler,4494.77,Decentralized well-modulated intranet
968,Maybach,2948.23,Object-based bandwidth-monitored customer loyalty
969,Nissan,1388.29,Synergistic coherent migration
970,Scion,9140.9,Customizable local structure
971,Acura,2135.06,De-engineered interactive algorithm
972,Pontiac,6760.02,Automated 24/7 Graphic Interface
973,Toyota,7582.17,Team-oriented context-sensitive analyzer
974,Mercedes-Benz,311.74,Secured grid-enabled challenge
975,Toyota,4361.19,Synergistic bifurcated attitude
976,Mitsubishi,9141.99,Right-sized 24/7 software
977,Oldsmobile,1306.52,Optimized fault-tolerant system engine
978,Land Rover,4251.99,Expanded bifurcated encryption
979,Audi,461.5,Optimized zero administration function
980,Porsche,9295.9,Customer-focused systematic Graphical User Interface
981,Oldsmobile,821.3,Object-based even-keeled database
982,Nissan,664.3,Phased regional database
983,Mazda,5548.39,Innovative regional projection
984,Ford,5635.39,Grass-roots grid-enabled capability
985,Mazda,4966.07,Self-enabling modular service-desk
986,Dodge,3754.85,Quality-focused 4th generation parallelism
987,Scion,2580.91,User-centric bi-directional leverage
988,Nissan,245.06,Diverse clear-thinking secured line
989,Chrysler,5532.17,Decentralized explicit intranet
990,Acura,8251.09,Managed well-modulated local area network
991,Mazda,2052.03,Pre-emptive fresh-thinking process improvement
992,BMW,9968.78,Reduced scalable synergy
993,Chevrolet,1191.9,Universal multimedia contingency
994,Jaguar,9598.8,Compatible reciprocal groupware
995,Volvo,8199.86,Object-based global conglomeration
996,Mercury,3180.53,Persevering multi-state hardware
997,Subaru,8860.9,Cross-platform homogeneous utilisation
998,Volvo,3708.05,Re-engineered encompassing task-force
999,Mitsubishi,1421.13,Intuitive methodical extranet
1000,Porsche,4496.44,Customer-focused content-based help-desk
